flight,name,surname,gender
NY777,Ingaberg,Adanet,Female
PA006,Korry,McGrann,Female
NY777,Leonhard,Videneev,Male
PA006,Heath,Butterfill,Female
LN222,Ferguson,Osban,Male
PA006,Cchaddie,Doughton,Male
PA006,Mark,Donati,Male
NY777,Sibbie,Benoiton,Female
PA006,Sal,Muzzlewhite,Male
LN222,Nehemiah,Budcock,Male
NY777,Linn,Suttling,Male
NY777,Stanwood,Urey,Male
NY777,Corney,Spurrett,Male
NY777,Orsola,Fannon,Female
NY777,Brook,Whinney,Male
PA006,Miguela,Benzie,Female
LN222,Lindi,Snoad,Female
NY777,Germaine,Jakeman,Male
PA006,Ashby,Klimmek,Male
NY777,Jeri,Vegas,Female
BE321,Alene,Wetherburn,Female
PA006,Annemarie,Letson,Female
PA006,Cloe,Salzberg,Female
NY777,Cornela,Sherbourne,Female
PA006,Lindsay,Smeall,Male
PA006,Chelsae,Evins,Female
NY777,Fremont,Dyson,Male
NY777,Henrie,Whal,Female
PA006,Gayler,Hanshaw,Male
PA006,Gasparo,De Vere,Male
PA006,Derril,Wadge,Male
BE321,Ive,Maccraw,Male
PA006,Kip,Sumpton,Female
NY777,Cirilo,Rowet,Male
BE321,Odette,Hanhardt,Female
LN222,Willyt,Matlock,Female
PA006,Leann,Pinkerton,Female
BE321,Millard,Spiers,Male
NY777,Donnamarie,McSaul,Female
PA006,Augustine,Osgodby,Male
NY777,Dael,Hallatt,Male
LN222,Nolana,Pattie,Female
PA006,Ivette,Milesap,Female
BE321,Hy,Lawrenz,Male
PA006,Alene,Emig,Female
NY777,Jacenta,Bleeze,Female
PA006,Fanny,Fennessy,Female
NY777,Caro,Impleton,Female
PA006,Baillie,Doyle,Male
NY777,Mufi,Gipp,Female
PA006,Algernon,Balazin,Male
PA006,Blanch,Tink,Female
BE321,Leigha,Lethbury,Female
NY777,Roi,Baudy,Male
PA006,Dugald,Hudspeth,Male
PA006,Talia,Yendle,Female
LN222,Araldo,Permain,Male
PA006,Baudoin,Inwood,Male
NY777,Gavan,Thaine,Male
BE321,Lorelei,Brownell,Female
BE321,Hogan,Boshers,Male
LN222,Rennie,McComiskey,Female
LN222,Stormy,Quare,Female
NY777,Pierette,Margram,Female
PA006,Guido,Guiden,Male
PA006,Terrence,Stowe,Male
PA006,Linda,Kupper,Female
NY777,Joel,Tuther,Male
BE321,Lannie,Trolley,Male
PA006,Erminie,Earland,Female
LN222,Mareah,Peplay,Female
BE321,Brew,Bum,Male
NY777,Janos,Notman,Male
LN222,Edik,Smieton,Male
BE321,Creigh,Leuty,Male
NY777,Vance,Emmet,Male
PA006,Karlan,Syers,Male
LN222,Brewster,Vear,Male
BE321,Phil,Barcroft,Male
PA006,Lia,Mapston,Female
NY777,Angelina,Grinham,Female
PA006,Nikolas,Van Der Vlies,Male
BE321,Amaleta,Prenty,Female
BE321,Latisha,Georgescu,Female
PA006,Paige,Freeborne,Female
LN222,Ashton,Tregunna,Male
PA006,Jule,Wolvey,Male
NY777,Barnabe,Burchard,Male
PA006,Harlin,Suscens,Male
PA006,Genevra,Garlicke,Female
PA006,Prisca,Scutching,Female
PA006,Janene,Elger,Female
BE321,Faber,Janku,Male
BE321,Adelle,Dinneen,Female
PA006,Burr,Feaks,Male
PA006,Alon,Brixham,Male
BE321,Roman,MacAskill,Male
LN222,Emmanuel,Tickel,Male
LN222,Ingmar,Cockman,Male
LN222,Claudie,Braid,Female
