first_name,last_name,gender,age,height,wage,country
Riordan,Ranyard,Male,40,193,116,Slovakia
Pauly,Luckey,Male,31,175,81,Germany
Waylen,Hast,Male,41,193,65,Slovakia
Emmye,Kamen,Female,18,165,69,Germany
Michal,Manis,Female,26,189,56,Germany
Yolane,Loadman,Female,43,190,106,Slovakia
Sylvester,Bark,Male,50,195,119,Hungary
Maurie,Tingley,Male,58,169,92,Germany
Camile,McIlwrath,Female,48,185,103,Germany
Douglass,Benettolo,Male,46,157,95,Slovakia
Gui,Angove,Female,58,192,60,Poland
Daven,Munnery,Male,56,190,73,Hungary
Phyllys,Gownge,Female,34,182,91,Hungary
Thomasa,Biasioli,Female,26,168,54,Poland
Hillie,Durtnal,Male,21,169,109,Germany
Cordie,Castiglio,Male,37,183,64,Germany
Kathrine,Doxey,Female,38,190,66,Slovakia
Rodolphe,Ruddin,Male,58,182,73,Slovakia
Blanch,Vasile,Female,54,165,75,Slovakia
Herman,Foster,Male,42,159,73,Poland
Lancelot,Borge,Male,33,155,114,Poland
Xylia,Borge,Female,33,196,52,Poland
Ogden,Seth,Male,29,168,52,Poland
Maiga,McKeady,Female,27,197,73,Hungary
Salomi,Beneix,Female,53,185,113,Hungary
Diarmid,Tabert,Male,34,186,106,Poland
Salvatore,Benoix,Male,46,155,90,Germany
Yovonnda,Rogge,Female,35,161,101,Germany
Daisy,Benian,Female,25,159,63,Poland
Harris,Rihosek,Male,25,155,107,Hungary
Kiel,Fidal,Male,49,188,119,Germany
Basil,Guerreiro,Male,43,188,104,Hungary
Jeniece,Guisler,Female,27,181,88,Germany
Roxanne,Landrieu,Female,28,155,52,Slovakia
Vikki,Quelch,Female,54,163,84,Germany
Luce,Lidgate,Male,20,182,80,Germany
Idette,Feldfisher,Female,58,197,97,Hungary
Stearne,Learmond,Male,23,193,114,Hungary
Lori,De Filippis,Female,49,187,95,Poland
Langsdon,Habard,Male,52,194,66,Germany
Huey,Sloane,Male,51,197,83,Germany
Cicely,Branscombe,Female,43,187,93,Slovakia
Hakeem,Filip,Male,23,161,56,Poland
Beverlie,Babe,Female,52,187,50,Slovakia
Muhammad,Wade,Male,27,190,71,Germany
Cathryn,Glynn,Female,18,178,116,Poland
Dianne,Dightham,Female,27,185,55,Hungary
Garfield,Folds,Male,23,168,68,Slovakia
Emily,Winterton,Female,50,178,53,Poland
Lanette,Barfield,Female,40,193,99,Slovakia
Fairlie,Tromans,Male,43,161,66,Slovakia
Brigg,Luney,Male,57,176,55,Hungary
Kathe,Burriss,Female,47,182,97,Slovakia
Shea,Byles,Female,46,186,117,Poland
Piggy,Pryer,Male,55,186,75,Germany
Humberto,Vernalls,Male,34,179,71,Germany
Cary,Fittis,Male,31,176,117,Germany
Janice,Holburn,Female,50,184,65,Germany
Trefor,Dallon,Male,50,190,117,Poland
Isadora,Narbett,Female,24,168,51,Hungary
Zeke,MacGhee,Male,49,156,66,Slovakia
Chiquia,Hattoe,Female,43,190,85,Slovakia
Henri,Bason,Male,29,167,109,Germany
Michaela,Bigglestone,Female,23,178,88,Germany
Star,Dieton,Female,59,163,100,Hungary
Ronna,Baraja,Female,48,186,91,Hungary
Hazlett,Coultar,Male,31,183,99,Poland
Morganne,Boller,Female,29,171,72,Germany
Francis,Josefer,Male,35,186,67,Hungary
Woodie,Spraberry,Male,42,194,68,Slovakia
Letitia,Koba,Female,42,164,70,Slovakia
Ross,Warner,Male,56,187,94,Hungary
Iorgo,Roistone,Male,40,173,76,Poland
Melva,McKibbin,Female,19,192,110,Hungary
Sky,Copping,Male,29,197,92,Germany
Rooney,Will,Male,60,162,115,Slovakia
Doralia,Parmiter,Female,19,160,82,Hungary
Cory,Grzelczyk,Female,27,168,101,Slovakia
Law,Cohen,Male,42,197,113,Hungary
Farly,Dorant,Male,27,182,94,Hungary
Dietrich,Stoyle,Male,54,171,96,Hungary
Bealle,Enric,Male,19,189,85,Poland
Horatius,Dorant,Male,52,157,112,Poland
Juana,Prest,Female,33,169,64,Slovakia
Mattheus,Leither,Male,35,182,65,Germany
Starlene,Habbema,Female,52,159,78,Germany
Lalo,Slowly,Male,49,189,107,Slovakia
Clive,Pepin,Male,45,188,72,Hungary
Orson,Dykas,Male,22,175,120,Germany
Lorette,Crain,Female,28,177,94,Germany
Janean,Linn,Female,45,167,52,Hungary
Selena,Gilkes,Female,24,191,117,Hungary
Doria,Prangley,Female,54,175,71,Hungary
Thorvald,Darinton,Male,20,196,77,Germany
Lorry,Burles,Male,45,163,80,Hungary
Masha,Camble,Female,31,178,104,Germany
Kaylyn,Simmings,Female,44,175,99,Slovakia
Heddi,Wanklin,Female,34,185,115,Germany
Osbourn,Conman,Male,34,197,117,Germany
Hi,Peaseman,Male,49,164,103,Slovakia
